{"BCB003456": {"Electric Charges": 63.21428571428571, "Electrostatic Potential": 63.74999999999999, "Current Electricity": 67.5, "Moving Charges and Magnetism": 60.5, "Electromagnetic Induction": 68.05555555555556, "Story of the First Cities": 74.64285714285714, "Political and Economic History": 69.16666666666667, "Social Histories Using the Mahabharata": 76.5625, "A History of Buddhism": 77.0, "New Architecture: Hampi": 58.611111111111114}}