{"1B9C100": {"NLM": 285.7142857142857, "Electric Charges": 150.0, "Gravity": 51.724137931034484, "Magnets": 352.94117647058823, "Optics": 83.33333333333334, "Distance": 60.0, "Harrapan": 78.94736842105263, "Mohician": 272.7272727272727, "World war 2": 142.85714285714286, "Cold war": 41.66666666666667}