{"0": {"Ancient civilisations": 186.56716417910448, "Roman empire": 208.33333333333334, "Modern history": 243.90243902439025, "SHM": 193.05019305019303, "Nuk": 227.27272727272728, "Physic": 216.45021645021646, "Elcros": 229.3577981651376, "kaksda": 239.23444976076556, "asibs": 184.50184501845018, "aosa": 187.9699248120301}}