{"1B9C100": {"Gravitation": 125.0, "Electrostats": 170.94017094017093, "3": 158.73015873015873}}