{"1B9C100": {"NLM": 80.0, "Electric Charges": 43.47826086956522, "Gravity": 27.77777777777778}}