{"BCB003456": {"Electric Charges": 72.85714285714285, "Electrostatic Potential": 73.75, "Current Electricity": 61.25000000000001, "Moving Charges and Magnetism": 54.0, "Electromagnetic Induction": 65.27777777777779, "Story of the First Cities": 56.785714285714285, "Political and Economic History": 67.08333333333333, "Social Histories Using the Mahabharata": 63.4375, "A History of Buddhism": 66.5, "New Architecture: Hampi": 53.05555555555556}}